Measure	Min	Max	Average
precision	0.12	0.7	0.3724137931034483
recall	0.11	0.67	0.3662068965517241
f1	0.14	0.59	0.36000000000000004
			
Measure	Min	Max	Average
precision	0.12	0.7	0.3658620689655173
recall	0.11	0.67	0.3644827586206895
f1	0.14	0.59	0.3548275862068966
			
Measure	Min	Max	Average
precision	0.12	0.7	0.3806896551724138
recall	0.17	0.67	0.37620689655172407
f1	0.14	0.59	0.3689655172413793
			
