Measure	Min	Max	Average
precision	0.17	1.0	0.3672413793103448
recall	0.14	1.0	0.4155172413793103
f1	0.17	1.0	0.38172413793103455
			
Measure	Min	Max	Average
precision	0.17	1.0	0.36586206896551715
recall	0.14	1.0	0.42241379310344823
f1	0.17	1.0	0.3851724137931035
			
Measure	Min	Max	Average
precision	0.17	1.0	0.36586206896551715
recall	0.14	1.0	0.42241379310344823
f1	0.17	1.0	0.3851724137931035
			
