Measure	Min	Max	Average
precision	0.15	1.0	0.4016666666666667
recall	0.17	1.0	0.427
f1	0.17	1.0	0.4076666666666666
			
Measure	Min	Max	Average
precision	0.15	1.0	0.39933333333333343
recall	0.17	1.0	0.42966666666666664
f1	0.17	1.0	0.409
			
Measure	Min	Max	Average
precision	0.15	1.0	0.40833333333333344
recall	0.17	1.0	0.4253333333333334
f1	0.17	1.0	0.4086666666666667
			
