Measure	Min	Max	Average
precision	0.18	1.0	0.3414285714285713
recall	0.14	1.0	0.3989285714285714
f1	0.18	1.0	0.3635714285714286
			
Measure	Min	Max	Average
precision	0.18	1.0	0.3614285714285713
recall	0.08	1.0	0.3917857142857143
f1	0.15	1.0	0.36000000000000004
			
Measure	Min	Max	Average
precision	0.18	1.0	0.36071428571428565
recall	0.08	1.0	0.39392857142857146
f1	0.15	1.0	0.3610714285714286
			
