Measure	Min	Max	Average
precision	0.1	0.67	0.3685714285714286
recall	0.11	0.73	0.39
f1	0.1	0.7	0.37214285714285716
			
Measure	Min	Max	Average
precision	0.1	0.75	0.38642857142857145
recall	0.11	0.73	0.38785714285714284
f1	0.1	0.7	0.37321428571428567
			
Measure	Min	Max	Average
precision	0.17	0.67	0.38892857142857146
recall	0.14	0.73	0.38892857142857146
f1	0.18	0.7	0.37785714285714284
			
