Measure	Min	Max	Average
precision	0.0	1.0	0.42758620689655175
recall	0.0	1.0	0.4603448275862069
f1	0.0	1.0	0.4393103448275863
			
Measure	Min	Max	Average
precision	0.09	1.0	0.4379310344827586
recall	0.13	1.0	0.4655172413793104
f1	0.11	1.0	0.44655172413793115
			
Measure	Min	Max	Average
precision	0.09	1.0	0.4379310344827586
recall	0.13	1.0	0.4655172413793104
f1	0.11	1.0	0.44655172413793115
			
