Measure	Min	Max	Average
precision	0.0	1.0	0.3782142857142858
recall	0.0	1.0	0.3782142857142858
f1	0.0	1.0	0.37000000000000005
			
Measure	Min	Max	Average
precision	0.0	1.0	0.3782142857142858
recall	0.0	1.0	0.3782142857142858
f1	0.0	1.0	0.37000000000000005
			
Measure	Min	Max	Average
precision	0.0	1.0	0.38892857142857146
recall	0.0	1.0	0.3917857142857143
f1	0.0	1.0	0.3817857142857143
			
