Measure	Min	Max	Average
precision	0.08	1.0	0.46566666666666656
recall	0.08	0.75	0.42366666666666664
f1	0.08	0.8	0.432
			
Measure	Min	Max	Average
precision	0.08	1.0	0.4509999999999999
recall	0.08	0.75	0.4273333333333333
f1	0.08	0.8	0.43266666666666664
			
Measure	Min	Max	Average
precision	0.08	1.0	0.46533333333333327
recall	0.08	0.75	0.42699999999999994
f1	0.08	0.8	0.4346666666666667
			
