Measure	Min	Max	Average
precision	0.15	1.0	0.4224137931034483
recall	0.17	0.7	0.4199999999999999
f1	0.16	0.8	0.4158620689655172
			
Measure	Min	Max	Average
precision	0.15	1.0	0.4131034482758621
recall	0.17	0.7	0.41965517241379297
f1	0.16	0.8	0.41241379310344817
			
Measure	Min	Max	Average
precision	0.15	1.0	0.40551724137931033
recall	0.17	0.7	0.4110344827586206
f1	0.16	0.8	0.4041379310344827
			
