Measure	Min	Max	Average
precision	0.0	0.75	0.30700000000000005
recall	0.0	1.0	0.27466666666666667
f1	0.0	0.67	0.2643333333333333
			
Measure	Min	Max	Average
precision	0.1	0.59	0.2903333333333333
recall	0.09	1.0	0.3063333333333333
f1	0.1	0.67	0.28933333333333333
			
Measure	Min	Max	Average
precision	0.1	0.75	0.306
recall	0.09	1.0	0.28400000000000003
f1	0.1	0.67	0.2723333333333333
			
