Measure	Min	Max	Average
precision	0.19	0.67	0.3457142857142858
recall	0.15	0.67	0.3676190476190476
f1	0.19	0.67	0.350952380952381
			
Measure	Min	Max	Average
precision	0.08	0.75	0.36380952380952386
recall	0.04	0.67	0.3466666666666667
f1	0.05	0.67	0.34285714285714297
			
Measure	Min	Max	Average
precision	0.19	0.67	0.3457142857142858
recall	0.15	0.67	0.36380952380952386
f1	0.19	0.67	0.3495238095238096
			
