Measure	Min	Max	Average
precision	0.0	1.0	0.4207142857142857
recall	0.0	1.0	0.43785714285714283
f1	0.0	1.0	0.42214285714285726
			
Measure	Min	Max	Average
precision	0.0	1.0	0.4207142857142857
recall	0.0	1.0	0.43785714285714283
f1	0.0	1.0	0.42214285714285726
			
Measure	Min	Max	Average
precision	0.0	1.0	0.4207142857142857
recall	0.0	1.0	0.43785714285714283
f1	0.0	1.0	0.42214285714285726
			
