Measure	Min	Max	Average
precision	0.0	1.0	0.3446428571428572
recall	0.0	0.8	0.3485714285714286
f1	0.0	0.8	0.33928571428571425
			
Measure	Min	Max	Average
precision	0.0	1.0	0.3382142857142858
recall	0.0	0.8	0.34750000000000003
f1	0.0	0.8	0.33749999999999997
			
Measure	Min	Max	Average
precision	0.0	1.0	0.3450000000000001
recall	0.0	0.8	0.34785714285714286
f1	0.0	0.8	0.34
			
