Measure	Min	Max	Average
precision	0.0	0.5	0.287
recall	0.0	0.67	0.3386666666666666
f1	0.0	0.57	0.3076666666666667
			
Measure	Min	Max	Average
precision	0.08	0.5	0.2876666666666666
recall	0.17	0.67	0.3453333333333333
f1	0.12	0.57	0.312
			
Measure	Min	Max	Average
precision	0.0	0.5	0.287
recall	0.0	0.67	0.3386666666666666
f1	0.0	0.57	0.3076666666666667
			
