Measure	Min	Max	Average
precision	0.0	1.0	0.41777777777777775
recall	0.0	0.83	0.45740740740740754
f1	0.0	0.83	0.4296296296296297
			
Measure	Min	Max	Average
precision	0.0	1.0	0.41777777777777775
recall	0.0	0.83	0.45740740740740754
f1	0.0	0.83	0.4296296296296297
			
Measure	Min	Max	Average
precision	0.0	1.0	0.4055555555555556
recall	0.0	0.83	0.445925925925926
f1	0.0	0.83	0.4177777777777778
			
