Measure	Min	Max	Average
precision	0.12	1.0	0.35862068965517235
recall	0.08	1.0	0.3848275862068966
f1	0.1	1.0	0.36517241379310345
			
Measure	Min	Max	Average
precision	0.12	1.0	0.3596551724137931
recall	0.08	1.0	0.3858620689655173
f1	0.1	1.0	0.36793103448275855
			
Measure	Min	Max	Average
precision	0.12	1.0	0.35379310344827586
recall	0.08	1.0	0.38896551724137934
f1	0.1	1.0	0.36758620689655175
			
