Measure	Min	Max	Average
precision	0.14	1.0	0.4626666666666666
recall	0.12	0.83	0.43366666666666676
f1	0.13	0.8	0.4343333333333335
			
Measure	Min	Max	Average
precision	0.14	1.0	0.4436666666666667
recall	0.12	0.83	0.4273333333333334
f1	0.13	0.8	0.42433333333333345
			
Measure	Min	Max	Average
precision	0.14	1.0	0.46166666666666667
recall	0.12	0.83	0.4326666666666668
f1	0.13	0.8	0.43333333333333346
			
