Measure	Min	Max	Average
precision	0.07	1.0	0.43137931034482757
recall	0.17	1.0	0.4558620689655173
f1	0.1	1.0	0.44103448275862084
			
Measure	Min	Max	Average
precision	0.07	1.0	0.43724137931034474
recall	0.12	1.0	0.44758620689655176
f1	0.1	1.0	0.4362068965517243
			
Measure	Min	Max	Average
precision	0.07	1.0	0.43068965517241375
recall	0.17	1.0	0.4548275862068966
f1	0.1	1.0	0.4403448275862071
			
