Measure	Min	Max	Average
precision	0.0	1.0	0.359
recall	0.0	0.86	0.3763333333333333
f1	0.0	0.8	0.35466666666666674
			
Measure	Min	Max	Average
precision	0.0	1.0	0.35500000000000004
recall	0.0	0.86	0.3516666666666667
f1	0.0	0.8	0.33566666666666667
			
Measure	Min	Max	Average
precision	0.0	1.0	0.36400000000000005
recall	0.0	0.86	0.37366666666666665
f1	0.0	0.8	0.3533333333333334
			
