Measure	Min	Max	Average
precision	0.13	0.67	0.35900000000000004
recall	0.04	0.75	0.34066666666666673
f1	0.06	0.69	0.34033333333333327
			
Measure	Min	Max	Average
precision	0.13	0.67	0.34933333333333333
recall	0.12	0.75	0.35633333333333334
f1	0.14	0.69	0.34733333333333327
			
Measure	Min	Max	Average
precision	0.13	0.64	0.34600000000000003
recall	0.12	0.75	0.34833333333333333
f1	0.14	0.69	0.34233333333333327
			
