Measure	Min	Max	Average
precision	0.0	0.75	0.37800000000000006
recall	0.0	0.75	0.3893333333333333
f1	0.0	0.75	0.3793333333333334
			
Measure	Min	Max	Average
precision	0.0	0.75	0.39033333333333337
recall	0.0	0.75	0.38566666666666666
f1	0.0	0.75	0.38100000000000006
			
Measure	Min	Max	Average
precision	0.0	0.75	0.38800000000000007
recall	0.0	0.75	0.39766666666666667
f1	0.0	0.75	0.3883333333333335
			
