Measure	Min	Max	Average
precision	0.1	0.75	0.3543333333333333
recall	0.11	0.75	0.3843333333333334
f1	0.11	0.75	0.361
			
Measure	Min	Max	Average
precision	0.1	0.75	0.3543333333333333
recall	0.11	0.75	0.3843333333333334
f1	0.11	0.75	0.361
			
Measure	Min	Max	Average
precision	0.09	0.75	0.3406666666666666
recall	0.11	0.75	0.3843333333333334
f1	0.1	0.75	0.35833333333333334
			
