Measure	Min	Max	Average
precision	0.04	0.88	0.3627586206896552
recall	0.03	0.88	0.3624137931034483
f1	0.03	0.88	0.34862068965517246
			
Measure	Min	Max	Average
precision	0.1	0.88	0.4072413793103448
recall	0.03	0.88	0.3458620689655173
f1	0.05	0.88	0.33482758620689657
			
Measure	Min	Max	Average
precision	0.04	0.88	0.3679310344827586
recall	0.03	0.88	0.3524137931034482
f1	0.03	0.88	0.3368965517241379
			
