Measure	Min	Max	Average
precision	0.0	1.0	0.3020689655172414
recall	0.0	0.75	0.31586206896551733
f1	0.0	0.8	0.30241379310344824
			
Measure	Min	Max	Average
precision	0.0	1.0	0.2968965517241379
recall	0.0	0.75	0.30896551724137933
f1	0.0	0.8	0.296551724137931
			
Measure	Min	Max	Average
precision	0.0	1.0	0.2968965517241379
recall	0.0	0.75	0.30896551724137933
f1	0.0	0.8	0.296551724137931
			
