Measure	Min	Max	Average
precision	0.12	0.83	0.46666666666666656
recall	0.09	0.83	0.47100000000000003
f1	0.11	0.83	0.45433333333333326
			
Measure	Min	Max	Average
precision	0.12	0.83	0.46033333333333315
recall	0.1	0.83	0.47900000000000004
f1	0.11	0.83	0.4599999999999999
			
Measure	Min	Max	Average
precision	0.12	0.83	0.46166666666666656
recall	0.09	0.83	0.4693333333333333
f1	0.11	0.83	0.45066666666666655
			
