Measure	Min	Max	Average
precision	0.12	1.0	0.3696551724137931
recall	0.05	0.75	0.3937931034482758
f1	0.08	0.8	0.373448275862069
			
Measure	Min	Max	Average
precision	0.12	1.0	0.36896551724137927
recall	0.14	0.75	0.4003448275862068
f1	0.13	0.8	0.3786206896551725
			
Measure	Min	Max	Average
precision	0.12	1.0	0.37448275862068964
recall	0.1	0.75	0.3948275862068965
f1	0.13	0.8	0.3762068965517242
			
