Measure	Min	Max	Average
precision	0.0	1.0	0.39000000000000007
recall	0.0	1.0	0.4263333333333333
f1	0.0	1.0	0.4019999999999999
			
Measure	Min	Max	Average
precision	0.0	1.0	0.39000000000000007
recall	0.0	1.0	0.4183333333333333
f1	0.0	1.0	0.39566666666666656
			
Measure	Min	Max	Average
precision	0.0	1.0	0.3823333333333334
recall	0.0	1.0	0.4156666666666667
f1	0.0	1.0	0.39233333333333326
			
