Precision,Recall,F1
0.3776086957,0.3927559607,0.3768863955
0.3775596073,0.3934712482,0.3768443198
0.3778401122,0.3933941094,0.3771598878
,,
0.3776694717,0.3932071061,0.3769635344
