Measure	Min	Max	Average
precision	0.1	0.75	0.3396428571428572
recall	0.1	0.86	0.36464285714285716
f1	0.12	0.8	0.3385714285714286
			
Measure	Min	Max	Average
precision	0.0	0.75	0.32821428571428574
recall	0.0	0.86	0.3521428571428572
f1	0.0	0.8	0.3260714285714286
			
Measure	Min	Max	Average
precision	0.0	0.75	0.3196428571428571
recall	0.0	0.86	0.35428571428571426
f1	0.0	0.8	0.32500000000000007
			
