Measure	Min	Max	Average
precision	0.0	1.0	0.34793103448275864
recall	0.0	1.0	0.3734482758620691
f1	0.0	1.0	0.3558620689655173
			
Measure	Min	Max	Average
precision	0.14	1.0	0.36724137931034484
recall	0.12	1.0	0.3782758620689656
f1	0.16	1.0	0.36620689655172417
			
Measure	Min	Max	Average
precision	0.14	1.0	0.36724137931034484
recall	0.12	1.0	0.3903448275862069
f1	0.16	1.0	0.3731034482758621
			
