Measure	Min	Max	Average
precision	0.0	0.75	0.3448275862068966
recall	0.0	0.71	0.3424137931034483
f1	0.0	0.67	0.34
			
Measure	Min	Max	Average
precision	0.0	0.75	0.3493103448275862
recall	0.0	0.71	0.3479310344827587
f1	0.0	0.67	0.3451724137931035
			
Measure	Min	Max	Average
precision	0.0	0.75	0.35034482758620694
recall	0.0	0.71	0.3451724137931034
f1	0.0	0.67	0.343448275862069
			
