Measure	Min	Max	Average
precision	0.0	1.0	0.3973333333333333
recall	0.0	1.0	0.42666666666666664
f1	0.0	1.0	0.4043333333333335
			
Measure	Min	Max	Average
precision	0.0	1.0	0.385
recall	0.0	1.0	0.424
f1	0.0	1.0	0.39866666666666684
			
Measure	Min	Max	Average
precision	0.0	1.0	0.385
recall	0.0	1.0	0.424
f1	0.0	1.0	0.39866666666666684
			
