Measure	Min	Max	Average
precision	0.07	1.0	0.3286666666666667
recall	0.07	1.0	0.33066666666666666
f1	0.07	1.0	0.3256666666666666
			
Measure	Min	Max	Average
precision	0.07	1.0	0.3286666666666667
recall	0.07	1.0	0.33066666666666666
f1	0.07	1.0	0.3256666666666666
			
Measure	Min	Max	Average
precision	0.07	1.0	0.331
recall	0.07	1.0	0.33066666666666666
f1	0.07	1.0	0.32666666666666655
			
