Measure	Min	Max	Average
precision	0.0	1.0	0.44
recall	0.0	1.0	0.4343333333333333
f1	0.0	1.0	0.4263333333333333
			
Measure	Min	Max	Average
precision	0.0	1.0	0.41766666666666663
recall	0.0	1.0	0.4343333333333334
f1	0.0	1.0	0.4179999999999999
			
Measure	Min	Max	Average
precision	0.0	1.0	0.4343333333333333
recall	0.0	1.0	0.4343333333333333
f1	0.0	1.0	0.4233333333333333
			
