Measure	Min	Max	Average
precision	0.08	1.0	0.39099999999999996
recall	0.07	0.67	0.41333333333333333
f1	0.1	0.8	0.3916666666666666
			
Measure	Min	Max	Average
precision	0.08	1.0	0.40199999999999997
recall	0.14	0.67	0.43433333333333335
f1	0.11	0.8	0.40833333333333327
			
Measure	Min	Max	Average
precision	0.08	1.0	0.38866666666666666
recall	0.07	0.67	0.41333333333333333
f1	0.1	0.8	0.3906666666666666
			
