Measure	Min	Max	Average
precision	0.0	0.6	0.2826666666666667
recall	0.0	0.67	0.29300000000000004
f1	0.0	0.6	0.2846666666666666
			
Measure	Min	Max	Average
precision	0.0	0.6	0.28933333333333333
recall	0.0	0.67	0.30533333333333335
f1	0.0	0.6	0.2946666666666667
			
Measure	Min	Max	Average
precision	0.0	0.6	0.2856666666666667
recall	0.0	0.67	0.2983333333333334
f1	0.0	0.6	0.289
			
