Measure	Min	Max	Average
precision	0.12	0.75	0.3827586206896552
recall	0.15	0.75	0.37655172413793103
f1	0.13	0.75	0.3717241379310346
			
Measure	Min	Max	Average
precision	0.12	0.75	0.38448275862068965
recall	0.15	0.75	0.37655172413793103
f1	0.13	0.75	0.3717241379310346
			
Measure	Min	Max	Average
Measure	Min	Max	Average
Measure	Min	Max	Average
precision	0.12	0.75	0.38172413793103455
recall	0.15	0.75	0.3796551724137931
f1	0.13	0.75	0.37241379310344835
			
