Measure	Min	Max	Average
precision	0.04	1.0	0.3603333333333332
recall	0.03	1.0	0.3316666666666667
f1	0.04	1.0	0.33133333333333326
			
Measure	Min	Max	Average
precision	0.1	1.0	0.3476666666666665
recall	0.05	1.0	0.33766666666666667
f1	0.1	1.0	0.331
			
Measure	Min	Max	Average
precision	0.04	1.0	0.3466666666666665
recall	0.03	1.0	0.3413333333333333
f1	0.04	1.0	0.3373333333333333
			
