Measure	Min	Max	Average
precision	0.0	0.75	0.3206896551724138
recall	0.0	0.75	0.3755172413793104
f1	0.0	0.75	0.3410344827586208
			
Measure	Min	Max	Average
precision	0.0	0.75	0.33413793103448275
recall	0.0	0.75	0.3900000000000001
f1	0.0	0.75	0.3551724137931036
			
Measure	Min	Max	Average
precision	0.0	0.75	0.33413793103448275
recall	0.0	0.75	0.3900000000000001
f1	0.0	0.75	0.3551724137931036
			
