Measure	Min	Max	Average
precision	0.12	0.83	0.40366666666666673
recall	0.14	0.83	0.4363333333333333
f1	0.13	0.83	0.4146666666666668
			
Measure	Min	Max	Average
precision	0.12	0.83	0.40366666666666673
recall	0.14	0.83	0.4363333333333333
f1	0.13	0.83	0.4146666666666668
			
Measure	Min	Max	Average
precision	0.0	0.83	0.38866666666666666
recall	0.0	0.83	0.429
f1	0.0	0.83	0.40466666666666673
			
