Measure	Min	Max	Average
precision	0.1	1.0	0.35066666666666674
recall	0.05	1.0	0.3480000000000001
f1	0.07	1.0	0.3423333333333334
			
Measure	Min	Max	Average
precision	0.1	1.0	0.337
recall	0.05	1.0	0.35133333333333344
f1	0.07	1.0	0.34033333333333343
			
Measure	Min	Max	Average
precision	0.1	1.0	0.3516666666666667
recall	0.05	1.0	0.3530000000000001
f1	0.07	1.0	0.34766666666666673
			
