Measure	Min	Max	Average
precision	0.09	0.75	0.3879999999999999
recall	0.12	0.75	0.41733333333333333
f1	0.1	0.75	0.3976666666666666
			
Measure	Min	Max	Average
precision	0.09	0.75	0.3943333333333332
recall	0.07	0.75	0.4076666666666667
f1	0.1	0.75	0.3906666666666666
			
Measure	Min	Max	Average
precision	0.09	0.75	0.3879999999999999
recall	0.12	0.75	0.4153333333333333
f1	0.1	0.75	0.3963333333333333
			
