Measure	Min	Max	Average
precision	0.0	1.0	0.391
recall	0.0	1.0	0.4133333333333334
f1	0.0	1.0	0.39033333333333337
			
Measure	Min	Max	Average
precision	0.0	1.0	0.391
recall	0.0	1.0	0.4133333333333334
f1	0.0	1.0	0.39033333333333337
			
Measure	Min	Max	Average
precision	0.1	1.0	0.4003333333333334
recall	0.12	1.0	0.43233333333333346
f1	0.11	1.0	0.4096666666666667
			
