Measure	Min	Max	Average
precision	0.1	0.83	0.418
recall	0.1	0.83	0.4706666666666666
f1	0.1	0.83	0.43966666666666665
			
Measure	Min	Max	Average
precision	0.1	0.83	0.4103333333333333
recall	0.1	0.83	0.4766666666666666
f1	0.1	0.83	0.438
			
Measure	Min	Max	Average
precision	0.1	0.83	0.4103333333333333
recall	0.1	0.83	0.4766666666666666
f1	0.1	0.83	0.438
			
