Measure	Min	Max	Average
precision	0.0	0.7	0.274074074074074
recall	0.0	0.86	0.30185185185185187
f1	0.0	0.71	0.2833333333333333
			
Measure	Min	Max	Average
precision	0.0	0.7	0.2648148148148148
recall	0.0	0.86	0.2922222222222222
f1	0.0	0.71	0.27370370370370367
			
Measure	Min	Max	Average
precision	0.0	0.7	0.2607407407407407
recall	0.0	0.86	0.28592592592592597
f1	0.0	0.71	0.2677777777777778
			
