Measure	Min	Max	Average
precision	0.09	1.0	0.3164285714285714
recall	0.11	0.75	0.3378571428571428
f1	0.1	0.8	0.3192857142857144
			
Measure	Min	Max	Average
precision	0.0	1.0	0.31107142857142855
recall	0.0	0.75	0.3314285714285714
f1	0.0	0.8	0.3117857142857144
			
Measure	Min	Max	Average
precision	0.17	1.0	0.335
recall	0.03	0.75	0.32785714285714285
f1	0.05	0.8	0.31357142857142867
			
