Measure	Min	Max	Average
precision	0.1	1.0	0.4443333333333334
recall	0.14	1.0	0.47933333333333333
f1	0.12	1.0	0.4533333333333333
			
Measure	Min	Max	Average
precision	0.1	1.0	0.4443333333333334
recall	0.14	1.0	0.47933333333333333
f1	0.12	1.0	0.4533333333333333
			
Measure	Min	Max	Average
precision	0.1	1.0	0.4453333333333334
recall	0.14	1.0	0.47433333333333333
f1	0.12	1.0	0.45
			
