Measure	Min	Max	Average
precision	0.14	1.0	0.46699999999999997
recall	0.12	0.83	0.47366666666666657
f1	0.14	0.83	0.46266666666666667
			
Measure	Min	Max	Average
precision	0.14	1.0	0.469
recall	0.18	0.83	0.4793333333333332
f1	0.16	0.83	0.46666666666666673
			
Measure	Min	Max	Average
precision	0.14	1.0	0.46699999999999997
recall	0.12	0.83	0.47366666666666657
f1	0.14	0.83	0.46266666666666667
			
